Site_lat,Site_lon
47.8756916988456,-114.032577194112
47.8735539519776,-114.031543701051
47.8714161969059,-114.030510289423
